name,league,primary,secondary,tertiary,quaternary,division,location,mascot,sportslogos_name,logo,throwback_logo
Air Force,ncaa,#003087,#8A8D8F,#B1B3B3,#FFC72C,MWC,Air Force,NA,Air Force Falcons,http://content.sportslogos.net/logos/30/595/thumbs/3pr1czgf0mqhfdqfv1mqrvfiq.gif,https://content.sportslogos.net/logos/30/595/thumbs/2742.gif
Akron Zips,ncaa,#041E42,#A89968,NA,NA,MAC,Akron,Zips,Akron Zips,http://content.sportslogos.net/logos/30/596/thumbs/59688302014.gif,
Alabama Crimson Tide,ncaa,#9E1B32,#828A8F,#FFFFFF,NA,SEC,Alabama,Crimson Tide,Alabama Crimson Tide,http://content.sportslogos.net/logos/30/597/thumbs/d8nqfhswwqiht1dc4y5p0dmeh.gif,https://content.sportslogos.net/logos/30/597/thumbs/7285.gif
Albany (NY),ncaa,#461660,#EEB211,NA,NA,Am. East,Albany,(NY),Albany Great Danes,http://content.sportslogos.net/logos/30/818/thumbs/81878742008.gif,
Appalachian State Mountaineers,ncaa,#222222,#FFCC00,NA,NA,Sunbelt,Appalachian State,Mountaineers,Appalachian State Mountaineers,http://content.sportslogos.net/logos/30/602/thumbs/60213682014.gif,
Arizona State Sun Devils,ncaa,#8C1D40,#FFC627,NA,NA,Pac 12,Arizona State,Sun Devils,Arizona State Sun Devils,http://content.sportslogos.net/logos/30/604/thumbs/60465632012.gif,
Arizona Wildcats,ncaa,#CC0033,#003366,NA,NA,Pac 12,Arizona,Wildcats,Arizona Wildcats,http://content.sportslogos.net/logos/30/603/thumbs/2416.gif,
Arkansas Razorbacks,ncaa,#9D2235,#FFFFFF,NA,NA,SEC,Arkansas,Razorbacks,Arkansas Razorbacks,http://content.sportslogos.net/logos/30/606/thumbs/60692202014.gif,
Arkansas State Red Wolves,ncaa,#CC092F,#000000,NA,NA,Sunbelt,Arkansas State,Red Wolves,Arkansas State Red Wolves,http://content.sportslogos.net/logos/30/605/thumbs/60588462008.gif,
Auburn Tigers,ncaa,#0C2340,#E87722,NA,NA,SEC,Auburn,Tigers,Auburn Tigers,http://content.sportslogos.net/logos/30/610/thumbs/61011451968.gif,
Ball State Cardinals,ncaa,#BA0C2F,#000000,NA,NA,MAC,Ball State,Cardinals,Ball State Cardinals,http://content.sportslogos.net/logos/30/612/thumbs/61273522015.gif,
Baylor Bears,ncaa,#003015,#FECB00,NA,NA,Big 12,Baylor,Bears,Baylor Bears,http://content.sportslogos.net/logos/30/613/thumbs/7369.gif,
Binghamton Bearcats,ncaa,#005A43,#169B62,#BF0D3E,#B1B3B3,Am. East,Binghamton,Bearcats,Binghamton Bearcats,http://content.sportslogos.net/logos/30/855/thumbs/en1hgarfy3007o2ex50cizx1p.gif,
Boise State Broncos,ncaa,#D64309,#0033A0,NA,NA,MWC,Boise State,Broncos,Boise State Broncos,http://content.sportslogos.net/logos/30/617/thumbs/61736902013.gif,
Boston College Eagles,ncaa,#98002E,#BC9B6A,NA,NA,ACC,Boston College,Eagles,Boston College Eagles,http://content.sportslogos.net/logos/30/618/thumbs/x17r48dtcnhsyveh1iyf7rzqc.gif,
Bowling Green,ncaa,#FE5000,#4F2C1D,#CDA077,#000000,MAC,Bowling Green,NA,Bowling Green Falcons,http://content.sportslogos.net/logos/30/620/thumbs/62081602016.gif,
Bradley Braves,ncaa,#A50000,#999999,NA,NA,MVC,Bradley,Braves,Bradley Braves,http://content.sportslogos.net/logos/30/621/thumbs/62140442012.gif,
Brown Bears,ncaa,#4E3629,#FFFFFF,#7C2529,#E4002B,Ivy,Brown,Bears,Brown Bears,http://content.sportslogos.net/logos/30/623/thumbs/7402.gif,
Buffalo,ncaa,#005BBB,#FFFFFF,NA,NA,MAC,Buffalo,NA,Buffalo Bulls,http://content.sportslogos.net/logos/30/819/thumbs/81942602016.gif,
Butler Bulldogs,ncaa,#13294B,#747678,#D1E0D7,#000000,Big East,Butler,Bulldogs,Butler Bulldogs,http://content.sportslogos.net/logos/30/625/thumbs/62574872015.gif,
BYU,ncaa,#002255,#C5AF7D,NA,NA,WCC,BYU,NA,Brigham Young Cougars,http://content.sportslogos.net/logos/30/622/thumbs/t2k7w98wp67rswqopr1pra06h.gif,
Cal Poly,ncaa,#003831,#FFE395,#B38F4F,#000000,Big West,Cal Poly,NA,Cal Poly Mustangs,http://content.sportslogos.net/logos/30/626/thumbs/62696982007.gif,
Cal State Fullerton,ncaa,#00274C,#DC8218,NA,NA,Big West,Cal State Fullerton,NA,Cal State Fullerton Titans,http://content.sportslogos.net/logos/30/627/thumbs/62717232010.gif,
California,ncaa,#003262,#FDB515,#3B7EA1,#C4820E,Pac 12,California,NA,California Golden Bears,http://content.sportslogos.net/logos/30/630/thumbs/7456.gif,
Canisius,ncaa,#0C2340,#FFBA00,NA,NA,MAAC,Canisius,NA,Canisius Golden Griffins,http://content.sportslogos.net/logos/30/632/thumbs/63223182006.gif,
Central Michigan Chippewas,ncaa,#6A0032,#FFC82E,NA,NA,MAC,Central Michigan,Chippewas,Central Michigan Chippewas,http://content.sportslogos.net/logos/30/636/thumbs/6843.gif,
Charlotte,ncaa,#046A38,#B9975B,#27251F,NA,C-USA,Charlotte,NA,Charlotte 49ers,http://content.sportslogos.net/logos/30/639/thumbs/2447.gif,https://content.sportslogos.net/logos/30/639/thumbs/63995982006.gif
Chicago State Cougars,ncaa,#006666,#000000,NA,NA,WAC,Chicago State,Cougars,Chicago State Cougars,http://content.sportslogos.net/logos/30/641/thumbs/64119342009.gif,
Cincinnati Bearcats,ncaa,#E00122,#000000,NA,NA,AAC,Cincinnati,Bearcats,Cincinnati Bearcats,http://content.sportslogos.net/logos/30/642/thumbs/7482.gif,
Clemson Tigers,ncaa,#F56600,#522D80,NA,NA,ACC,Clemson,Tigers,Clemson Tigers,http://content.sportslogos.net/logos/30/643/thumbs/2451.gif,
Cleveland State Vikings,ncaa,#006747,#000000,NA,NA,Horizon,Cleveland State,Vikings,Cleveland State Vikings,http://content.sportslogos.net/logos/30/644/thumbs/kwthyzx2swpnggefwaidm12f2.gif,
Coastal Carolina Chanticleers,ncaa,#006F71,#A27752,#111111,NA,Sunbelt,Coastal Carolina,Chanticleers,Coastal Carolina Chanticleers,http://content.sportslogos.net/logos/30/645/thumbs/64521712016.gif,
Colorado,ncaa,#CFB87C,#000000,#565A5C,#A2A4A3,Pac 12,Colorado,NA,Colorado Buffaloes,http://content.sportslogos.net/logos/30/647/thumbs/7489.gif,
Colorado State Rams,ncaa,#1E4D2B,#C8C372,NA,NA,MWC,Colorado State,Rams,Colorado State Rams,http://content.sportslogos.net/logos/30/648/thumbs/64819792015.gif,
Columbia Lions,ncaa,#9BCBEB,#003865,NA,NA,Ivy,Columbia,Lions,Columbia Lions,http://content.sportslogos.net/logos/30/649/thumbs/pgajpnw7gro1aao7vczkves9z.gif,
Cornell Big Red,ncaa,#B31B1B,#5E3920,#89572E,#000000,Ivy,Cornell,Big Red,Cornell Big Red,http://content.sportslogos.net/logos/30/651/thumbs/65139712002.gif,
Creighton Bluejays,ncaa,#005CA9,#00235D,#6CADDE,#828282,Big East,Creighton,Bluejays,Creighton Bluejays,http://content.sportslogos.net/logos/30/652/thumbs/65227962013.gif,
CSU Bakersfield,ncaa,#005DAA,#FFD200,NA,NA,WAC,CSU Bakersfield,NA,CSU Bakersfield Roadrunners,http://content.sportslogos.net/logos/30/5046/thumbs/504679332006.gif,
CSUN,ncaa,#CE1126,#D1CEC6,#000000,NA,Big West,CSUN,NA,Cal State Northridge Matadors,http://content.sportslogos.net/logos/30/628/thumbs/62897842014.gif,
Dartmouth,ncaa,#046A38,#000000,NA,NA,Ivy,Dartmouth,NA,Dartmouth Big Green,http://content.sportslogos.net/logos/31/653/thumbs/0s2fdu2ejo17tjqu4ii4zd2pl.gif,
Davidson,ncaa,#AC1A2F,#000000,NA,NA,A-10,Davidson,NA,Davidson Wildcats,http://content.sportslogos.net/logos/31/654/thumbs/65492672010.gif,
Dayton Flyers,ncaa,#CE1141,#004B8D,#F80228,#0200D1,A-10,Dayton,Flyers,Dayton Flyers,http://content.sportslogos.net/logos/31/655/thumbs/65570832015.gif,
Denver Pioneers,ncaa,#8B2332,#8B6F4B,NA,NA,Summit,Denver,Pioneers,Denver Pioneers,http://content.sportslogos.net/logos/31/659/thumbs/65958742007.gif,
DePaul Blue Demons,ncaa,#005EB8,#E4002B,NA,NA,Big East,DePaul,Blue Demons,DePaul Blue Demons,http://content.sportslogos.net/logos/31/656/thumbs/2467.gif,
Detroit Mercy Titans,ncaa,#A6093D,#002D72,#D7D2CB,NA,Horizon,Detroit,Mercy Titans,Detroit Titans,http://content.sportslogos.net/logos/31/660/thumbs/66041452016.gif,
Drake Bulldogs,ncaa,#004477,#999999,NA,NA,MVC,Drake,Bulldogs,Drake Bulldogs,http://content.sportslogos.net/logos/31/661/thumbs/66135332015.gif,
Duke Blue Devils,ncaa,#001A57,#FFFFFF,#003366,#0736A4,ACC,Duke,Blue Devils,Duke Blue Devils,http://content.sportslogos.net/logos/31/663/thumbs/66395011978.gif,
Duquesne Dukes,ncaa,#041E42,#BA0C2F,#000000,NA,A-10,Duquesne,Dukes,Duquesne Dukes,http://content.sportslogos.net/logos/31/664/thumbs/66440092019.gif,
East Carolina Pirates,ncaa,#592A8A,#FDC82F,NA,NA,AAC,East Carolina,Pirates,East Carolina Pirates,http://content.sportslogos.net/logos/31/665/thumbs/66580462014.gif,
Eastern Michigan Eagles,ncaa,#006633,#000000,NA,NA,MAC,Eastern Michigan,Eagles,Eastern Michigan Eagles,http://content.sportslogos.net/logos/31/669/thumbs/66988442013.gif,
Eastern Washington Eagles,ncaa,#A10022,#FFFFFF,#6D6E71,NA,Big Sky,Eastern Washington,Eagles,Eastern Washington Eagles,http://content.sportslogos.net/logos/31/670/thumbs/6878.gif,
Evansville Purple Aces,ncaa,#52237F,#F36F21,NA,NA,MVC,Evansville,Purple Aces,Evansville Purple Aces,http://content.sportslogos.net/logos/31/672/thumbs/67264652019.gif,
Fairfield Stags,ncaa,#C8102E,#A2AAAD,#000000,NA,MAAC,Fairfield,Stags,Fairfield Stags,http://content.sportslogos.net/logos/31/673/thumbs/fem0t6nf9oeoohyyqbp7erhvg.gif,
FGCU,ncaa,#002D72,#007749,#B9975B,NA,A-Sun,FGCU,NA,Florida Gulf Coast Eagles,http://content.sportslogos.net/logos/31/4946/thumbs/494681002002.gif,
FIU,ncaa,#081E3F,#B6862C,NA,NA,C-USA,FIU,NA,FIU Panthers,http://content.sportslogos.net/logos/31/678/thumbs/67854492010.gif,
Florida Atlantic Owls,ncaa,#003366,#CC0000,#8A8D8F,#CCCCCC,C-USA,Florida Atlantic,Owls,Florida Atlantic Owls,http://content.sportslogos.net/logos/31/677/thumbs/vviv38wr7tk9nq4k2liou3r1e.gif,
Florida Gators,ncaa,#0021A5,#FA4616,NA,NA,SEC,Florida,Gators,Florida Gators,http://content.sportslogos.net/logos/31/675/thumbs/67570762013.gif,
Florida State Seminoles,ncaa,#782F40,#CEB888,#FFFFFF,#000000,ACC,Florida State,Seminoles,Florida State Seminoles,http://content.sportslogos.net/logos/31/679/thumbs/67959842014.gif,
Fordham Rams,ncaa,#860038,#FFFFFF,NA,NA,A-10,Fordham,Rams,Fordham Rams,http://content.sportslogos.net/logos/31/680/thumbs/68090482009.gif,
Fresno State,ncaa,#DB0032,#002E6D,#007934,NA,MWC,Fresno State,NA,Fresno State Bulldogs,http://content.sportslogos.net/logos/31/681/thumbs/68177952006.gif,
George Mason Patriots,ncaa,#006633,#FFCC33,#000000,NA,A-10,George Mason,Patriots,George Mason Patriots,http://content.sportslogos.net/logos/31/684/thumbs/82zgn45ik9y1ttzrdfugvgfsj.gif,
George Washington Colonials,ncaa,#E2CB92,#002654,NA,NA,A-10,George Washington,Colonials,George Washington Colonials,http://content.sportslogos.net/logos/31/685/thumbs/68559682008.gif,
Georgetown Hoyas,ncaa,#041E42,#8D817B,NA,NA,Big East,Georgetown,Hoyas,Georgetown Hoyas,http://content.sportslogos.net/logos/31/686/thumbs/41oxa3jgd3ht8c7a6zf2hbf99.gif,
Georgia Bulldogs,ncaa,#BA0C2F,#000000,#FFFFFF,NA,SEC,Georgia,Bulldogs,Georgia Bulldogs,http://content.sportslogos.net/logos/31/687/thumbs/hr85j3g1duiqf59eiep9bvnsd.gif,
Georgia Southern Eagles,ncaa,#011E41,#A3AAAE,#87714D,NA,Sunbelt,Georgia Southern,Eagles,Georgia Southern Eagles,http://content.sportslogos.net/logos/31/688/thumbs/68879472010.gif,
Georgia State Panthers,ncaa,#0039A6,#C60C30,#000000,NA,Sunbelt,Georgia State,Panthers,Georgia State Panthers,http://content.sportslogos.net/logos/31/689/thumbs/68949972014.gif,
Georgia Tech,ncaa,#B3A369,#003057,#A28D5B,NA,ACC,Georgia Tech,NA,Georgia Tech Yellow Jackets,http://content.sportslogos.net/logos/31/690/thumbs/2491.gif,
Gonzaga Bulldogs,ncaa,#041E42,#C8102E,#C1C6C8,NA,WCC,Gonzaga,Bulldogs,Gonzaga Bulldogs,http://content.sportslogos.net/logos/31/691/thumbs/6886.gif,
Grand Canyon Antelopes,ncaa,#522398,#000000,NA,NA,WAC,Grand Canyon,Antelopes,Grand Canyon Antelopes,http://content.sportslogos.net/logos/31/5050/thumbs/505089242015.gif,
Green Bay,ncaa,#006747,#9D2235,#8A8D8F,NA,Horizon,Green Bay,NA,Wisconsin-Green Bay Phoenix,http://content.sportslogos.net/logos/35/891/thumbs/t73vzch64n5fanniemu04ei3v.gif,
Hartford Hawks,ncaa,#C02427,#0F0708,NA,NA,Am. East,Hartford,Hawks,Hartford Hawks,http://content.sportslogos.net/logos/31/694/thumbs/69439442015.gif,
Harvard Crimson,ncaa,#A41034,#000000,#808285,#B6B6B6,Ivy,Harvard,Crimson,Harvard Crimson,http://content.sportslogos.net/logos/31/695/thumbs/afpnmfyxeigiunegxzxrdukt7.gif,
Hawaii,ncaa,#024731,#C8C8C8,#000000,NA,Big West,Hawaii,NA,Hawaii Warriors,http://content.sportslogos.net/logos/31/696/thumbs/2494.gif,
Houston Cougars,ncaa,#C8102E,#76232F,#B2B4B2,NA,AAC,Houston,Cougars,Houston Cougars,http://content.sportslogos.net/logos/31/700/thumbs/70063032012.gif,
Idaho State Bengals,ncaa,#000000,#F9A81A,NA,NA,Big Sky,Idaho State,Bengals,Idaho State Bengals,http://content.sportslogos.net/logos/32/705/thumbs/70511631997.gif,
Idaho Vandals,ncaa,#EAAB00,#86754D,#808080,#000000,Big Sky,Idaho,Vandals,Idaho Vandals,http://content.sportslogos.net/logos/32/704/thumbs/70458472004.gif,
Illinois,ncaa,#13294B,#E84A27,NA,NA,Big 10,Illinois,NA,Illinois Fighting Illini,http://content.sportslogos.net/logos/32/706/thumbs/70683592014.gif,
Illinois State Redbirds,ncaa,#CE1126,#F9DD16,#000000,NA,MVC,Illinois State,Redbirds,Illinois State Redbirds,http://content.sportslogos.net/logos/32/707/thumbs/5l5bieqet3144zaiwte9.gif,
Indiana Hoosiers,ncaa,#990000,#EEEDEB,NA,NA,Big 10,Indiana,Hoosiers,Indiana Hoosiers,http://content.sportslogos.net/logos/32/709/thumbs/70922132002.gif,
Indiana State Sycamores,ncaa,#0142BC,#FFFFFF,NA,NA,MVC,Indiana State,Sycamores,Indiana State Sycamores,http://content.sportslogos.net/logos/32/710/thumbs/71058591991.gif,
Iona,ncaa,#6F2C3F,#F2A900,NA,NA,MAAC,Iona,NA,Iona Gaels,http://content.sportslogos.net/logos/32/711/thumbs/71185382016.gif,
Iowa Hawkeyes,ncaa,#FFCD00,#000000,NA,NA,Big 10,Iowa,Hawkeyes,Iowa Hawkeyes,http://content.sportslogos.net/logos/32/712/thumbs/iu01050mxpzmj4zqegb0vvhgu.gif,
Iowa State Cyclones,ncaa,#C8102E,#F1BE48,NA,NA,Big 12,Iowa State,Cyclones,Iowa State Cyclones,http://content.sportslogos.net/logos/32/713/thumbs/71346122008.gif,
IUPUI,ncaa,#9D2235,#DFD1A7,#000000,NA,Horizon,IUPUI,NA,IUPUI Jaguars,http://content.sportslogos.net/logos/32/703/thumbs/o4gdbgmehb7eh9beafqannlto.gif,
Jacksonville State Gamecocks,ncaa,#004E44,#898A8D,#BBBBBB,#000000,OVC,Jacksonville State,Gamecocks,Jacksonville State Gamecocks,http://content.sportslogos.net/logos/32/716/thumbs/84gdv65kg9fdjefh4teoh5355.gif,
Kansas Jayhawks,ncaa,#0051BA,#E8000D,#FFC82D,#85898A,Big 12,Kansas,Jayhawks,Kansas Jayhawks,http://content.sportslogos.net/logos/32/718/thumbs/t96oee4doe8n2oxaft7f.gif,
Kansas State Wildcats,ncaa,#512888,#D1D1D1,#A7A7A7,#FFFFFF,Big 12,Kansas State,Wildcats,Kansas State Wildcats,http://content.sportslogos.net/logos/32/719/thumbs/2508.gif,
Kennesaw State Owls,ncaa,#FDBB30,#0B1315,#C5C6C8,NA,A-Sun,Kennesaw State,Owls,Kennesaw State Owls,http://content.sportslogos.net/logos/32/4949/thumbs/494939612012.gif,
Kent State Golden Flashes,ncaa,#002664,#EAAB00,NA,NA,MAC,Kent State,Golden Flashes,Kent State Golden Flashes,http://content.sportslogos.net/logos/32/720/thumbs/72036552012.gif,
Kentucky Wildcats,ncaa,#0033A0,#FFFFFF,#000000,NA,SEC,Kentucky,Wildcats,Kentucky Wildcats,http://content.sportslogos.net/logos/32/721/thumbs/72178322016.gif,
La Salle Explorers,ncaa,#FFCC00,#003366,NA,NA,A-10,La Salle,Explorers,La Salle Explorers,http://content.sportslogos.net/logos/32/724/thumbs/gt5hdsffx86dsn0rjc0upzjtg.gif,
Lipscomb Bisons,ncaa,#331E54,#F4AA00,#000000,NA,A-Sun,Lipscomb,Bisons,Lipscomb Bisons,http://content.sportslogos.net/logos/32/729/thumbs/72944222014.gif,
Little Rock,ncaa,#6E2639,#A7A9AC,NA,NA,Sunbelt,Little Rock,NA,Little Rock Trojans,http://content.sportslogos.net/logos/32/5844/thumbs/584413522015.gif,
LMU (CA),ncaa,#B62B3A,#00447C,#617080,#231F20,WCC,LMU,(CA),Loyola Marymount Lions,http://content.sportslogos.net/logos/32/737/thumbs/73768392006.gif,
Long Beach State,ncaa,#FFC72A,#000000,NA,NA,Big West,Long Beach State,NA,Long Beach State 49ers,http://content.sportslogos.net/logos/32/730/thumbs/73050262014.gif,
Louisiana,ncaa,#CE181E,#0A0203,#C1C5C9,#F18C21,Sunbelt,Louisiana,NA,Louisiana Ragin Cajuns,http://content.sportslogos.net/logos/32/732/thumbs/2511.gif,
Louisiana Tech Bulldogs,ncaa,#E31B23,#A2AAAD,#111111,NA,C-USA,Louisiana Tech,Bulldogs,Louisiana Tech Bulldogs,http://content.sportslogos.net/logos/32/731/thumbs/eeb5y75gih97igg7lxvph7v4o.gif,
Louisiana-Monroe,ncaa,#800029,#BD955A,#646469,#DAD86D,Sunbelt,Louisiana-Monroe,NA,Louisiana-Monroe Warhawks,http://content.sportslogos.net/logos/32/733/thumbs/73372142015.gif,
Louisville Cardinals,ncaa,#AD0000,#000000,#FDB913,#CCCCCC,ACC,Louisville,Cardinals,Louisville Cardinals,http://content.sportslogos.net/logos/32/734/thumbs/73446722007.gif,
Loyola Chicago Ramblers,ncaa,#922247,#FEBD18,NA,NA,MVC,Loyola,Chicago Ramblers,Loyola Ramblers,http://content.sportslogos.net/logos/32/735/thumbs/73533062012.gif,
LSU,ncaa,#461D7C,#FDD023,NA,NA,SEC,LSU,NA,LSU Tigers,http://content.sportslogos.net/logos/32/723/thumbs/72396272014.gif,
Maine Black Bears,ncaa,#003263,#B0D7FF,#AB0634,#908C89,Am. East,Maine,Black Bears,Maine Black Bears,http://content.sportslogos.net/logos/32/738/thumbs/blkfbg8zghmh0m8i7v9lrl5c6.gif,
Manhattan,ncaa,#00703C,#FFFFFF,NA,NA,MAAC,Manhattan,NA,Manhattan Jaspers,http://content.sportslogos.net/logos/32/739/thumbs/73917732012.gif,
Marist,ncaa,#C8102E,#B2B2B2,#000000,NA,MAAC,Marist,NA,Marist Red Foxes,http://content.sportslogos.net/logos/32/740/thumbs/x8kgikten7tgkyx12bgfx1f9f.gif,
Marquette Golden Eagles,ncaa,#003366,#FFCC00,NA,NA,Big East,Marquette,Golden Eagles,Marquette Golden Eagles,http://content.sportslogos.net/logos/32/741/thumbs/lk47sf36h6g3y141mktt.gif,
Marshall Thundering Herd,ncaa,#00B140,#A2AAAD,#693F23,#AD7C59,C-USA,Marshall,Thundering Herd,Marshall Thundering Herd,http://content.sportslogos.net/logos/32/742/thumbs/2529.gif,
Maryland,ncaa,#E03A3E,#FFD520,#FFFFFF,#000000,Big 10,Maryland,NA,Maryland Terrapins,http://content.sportslogos.net/logos/32/743/thumbs/74354442012.gif,https://content.sportslogos.net/logos/32/743/thumbs/74352692006.gif
Massachusetts,ncaa,#971B2F,#572932,#B1B3B3,#000000,A-10,Massachusetts,NA,Massachusetts Minutemen,http://content.sportslogos.net/logos/32/887/thumbs/88759612012.gif,
Memphis Tigers,ncaa,#003087,#898D8D,NA,NA,AAC,Memphis,Tigers,Memphis Tigers,http://content.sportslogos.net/logos/32/746/thumbs/pep4eclqlq0phflhok70y3u41.gif,
Miami (FL),ncaa,#F47321,#005030,#FFFFFF,NA,ACC,Miami,(FL),Miami Hurricanes,http://content.sportslogos.net/logos/32/748/thumbs/2848.gif,https://content.sportslogos.net/logos/32/748/thumbs/74813422019.gif
Miami (OH),ncaa,#B61E2E,#000000,NA,NA,MAC,Miami (OH),(OH),Miami (Ohio) Redhawks,http://content.sportslogos.net/logos/32/749/thumbs/74994712014.gif,https://content.sportslogos.net/logos/32/749/thumbs/4686.gif
Michigan State Spartans,ncaa,#18453B,#FFFFFF,NA,NA,Big 10,Michigan State,Spartans,Michigan State Spartans,http://content.sportslogos.net/logos/32/751/thumbs/w7n08iftauae3h6rhueh.gif,https://content.sportslogos.net/logos/32/751/thumbs/75199792016.gif
Michigan Wolverines,ncaa,#00274C,#FFCB05,NA,NA,Big 10,Michigan,Wolverines,Michigan Wolverines,http://content.sportslogos.net/logos/32/750/thumbs/75075012012.gif,https://content.sportslogos.net/logos/32/750/thumbs/75072131897.gif
Middle Tennessee,ncaa,#0066CC,#69B3E7,NA,NA,C-USA,Middle Tennessee,NA,Middle Tennessee Blue Raiders,http://content.sportslogos.net/logos/32/752/thumbs/75235561998.gif,
Milwaukee,ncaa,#FFBD00,#CCCCCC,NA,NA,Horizon,Milwaukee,NA,Wisconsin-Milwaukee Panthers,http://content.sportslogos.net/logos/35/915/thumbs/91523812011.gif,
Minnesota Golden Gophers,ncaa,#7A0019,#FFCC33,NA,NA,Big 10,Minnesota,Golden Gophers,Minnesota Golden Gophers,http://content.sportslogos.net/logos/32/753/thumbs/r8cdw98hpgz0sevha7ejthble.gif,https://content.sportslogos.net/logos/32/753/thumbs/75338911986.gif
Mississippi State Bulldogs,ncaa,#660000,#FFFFFF,#CCCCCC,#75787B,SEC,Mississippi State,Bulldogs,Mississippi State Bulldogs,http://content.sportslogos.net/logos/32/755/thumbs/91xsfe9nvvedeghyqi4sx161k.gif,
Missouri State Bears,ncaa,#5E0009,#000000,NA,NA,MVC,Missouri State,Bears,Missouri State Bears,http://content.sportslogos.net/logos/32/4974/thumbs/497490162006.gif,
Missouri Tigers,ncaa,#000000,#F1B82D,NA,NA,SEC,Missouri,Tigers,Missouri Tigers,http://content.sportslogos.net/logos/32/757/thumbs/70yox0z4pkkwwedhxgo92kp9f.gif,
Monmouth Hawks,ncaa,#041E42,#53565A,NA,NA,MAAC,Monmouth,Hawks,Monmouth Hawks,http://content.sportslogos.net/logos/32/758/thumbs/75894422014.gif,
Montana Grizzlies,ncaa,#999999,#999999,NA,NA,Big Sky,Montana,Grizzlies,Montana Grizzlies,http://content.sportslogos.net/logos/32/759/thumbs/8w2u1hfnzaaqrqh0wy6hmgeh9.gif,
Montana State Bobcats,ncaa,#B9975B,#B9975B,NA,NA,Big Sky,Montana State,Bobcats,Montana State Bobcats,http://content.sportslogos.net/logos/32/760/thumbs/76067842013.gif,
Navy,ncaa,#00205B,#C5B783,NA,NA,Patriot,Navy,NA,Navy Midshipmen,http://content.sportslogos.net/logos/33/765/thumbs/udqt7nirahbtdehp0gn5pi0f6.gif,
NC State,ncaa,#CC0000,#000000,#FFFFFF,NA,ACC,NC State,NA,North Carolina State Wolfpack,http://content.sportslogos.net/logos/33/777/thumbs/77759072006.gif,https://content.sportslogos.net/logos/33/777/thumbs/jcmn1syys6pch785fhnb.gif
Nebraska,ncaa,#E41C38,#5F6A72,#000000,NA,Big 10,Nebraska,NA,Nebraska Cornhuskers,http://content.sportslogos.net/logos/33/766/thumbs/u5a0z147qunbzxwnec8ef7bkl.gif,
Nevada,ncaa,#003366,#807F84,NA,NA,MWC,Nevada,NA,Nevada Wolf Pack,http://content.sportslogos.net/logos/33/767/thumbs/76753092008.gif,
New Hampshire Wildcats,ncaa,#041E42,#BBBCBC,NA,NA,Am. East,New Hampshire,Wildcats,New Hampshire Wildcats,http://content.sportslogos.net/logos/33/768/thumbs/2864.gif,
New Mexico Lobos,ncaa,#BA0C2F,#A7A8AA,#63666A,#007A86,MWC,New Mexico,Lobos,New Mexico Lobos,http://content.sportslogos.net/logos/33/769/thumbs/ghyb25tvzhogmpe3beytq4wtg.gif,
New Mexico State Aggies,ncaa,#861F41,#97999B,#000000,NA,WAC,New Mexico State,Aggies,New Mexico State Aggies,http://content.sportslogos.net/logos/33/770/thumbs/77055192007.gif,
Niagara Purple Eagles,ncaa,#582C83,#FFFFFF,NA,NA,MAAC,Niagara,Purple Eagles,Niagara Purple Eagles,http://content.sportslogos.net/logos/33/772/thumbs/oi5inigc39oafmcd7f3fb7bhf.gif,
NJIT,ncaa,#D22630,#071D49,#C1C6C8,NA,A-Sun,NJIT,NA,NJIT Highlanders,http://content.sportslogos.net/logos/33/2605/thumbs/2vggzg8fholnbv4umcp5h1459.gif,
North Alabama,ncaa,#46166B,#DB9F11,#5F6062,NA,A-Sun,North Alabama,NA,North Alabama Lions,http://content.sportslogos.net/logos/33/4754/thumbs/475436650.gif,
North Carolina,ncaa,#7BAFD4,#FFFFFF,#13294B,#000000,ACC,North Carolina,NA,North Carolina Tar Heels,http://content.sportslogos.net/logos/33/775/thumbs/77515392015.gif,https://content.sportslogos.net/logos/33/775/thumbs/77594031983.gif
North Dakota State Bison,ncaa,#0A5640,#FFC72A,NA,NA,Summit,North Dakota State,Bison,North Dakota State Bison,http://content.sportslogos.net/logos/33/781/thumbs/ffvn0mdlghiy8hegag754ji2l.gif,
North Florida Ospreys,ncaa,#00246B,#D9D9D9,NA,NA,A-Sun,North Florida,Ospreys,UNF Ospreys,http://content.sportslogos.net/logos/35/4947/thumbs/494770022014.gif,
North Texas Mean Green,ncaa,#00853E,#000000,NA,NA,C-USA,North Texas,Mean Green,North Texas Mean Green,http://content.sportslogos.net/logos/33/782/thumbs/78267462005.gif,
Northern Arizona Lumberjacks,ncaa,#FFD200,#FBB040,NA,NA,Big Sky,Northern Arizona,Lumberjacks,Northern Arizona Lumberjacks,http://content.sportslogos.net/logos/33/784/thumbs/78473542014.gif,
Northern Colorado Bears,ncaa,#F6B000,#F6B000,NA,NA,Big Sky,Northern Colorado,Bears,Northern Colorado Bears,http://content.sportslogos.net/logos/33/4954/thumbs/495432012015.gif,
Northern Illinois Huskies,ncaa,#BA0C2F,#8A8D8F,#000000,NA,MAC,Northern Illinois,Huskies,Northern Illinois Huskies,http://content.sportslogos.net/logos/33/785/thumbs/2886.gif,
Northern Kentucky Norse,ncaa,#FFC72C,#000000,NA,NA,Horizon,Northern Kentucky,Norse,Northern Kentucky Norse,http://content.sportslogos.net/logos/33/5047/thumbs/504799312016.gif,
Northwestern Wildcats,ncaa,#4E2A84,#FFFFFF,NA,NA,Big 10,Northwestern,Wildcats,Northwestern Wildcats,http://content.sportslogos.net/logos/33/787/thumbs/78733582012.gif,
Notre Dame Fighting Irish,ncaa,#0C2340,#C99700,#AE9142,#00843D,ACC,Notre Dame,Fighting Irish,Notre Dame Fighting Irish,http://content.sportslogos.net/logos/33/789/thumbs/h4taj4rqfe7eigc0f2llj59xx.gif,
Oakland Golden Grizzlies,ncaa,#B59A57,#000000,NA,NA,Horizon,Oakland,Golden Grizzlies,Oakland Golden Grizzlies,http://content.sportslogos.net/logos/33/790/thumbs/79046172012.gif,
Ohio Bobcats,ncaa,#00694E,#CDA077,NA,NA,MAC,Ohio,Bobcats,Ohio Bobcats,http://content.sportslogos.net/logos/33/792/thumbs/4688.gif,https://content.sportslogos.net/logos/33/792/thumbs/79263711958.gif
Ohio State,ncaa,#BB0000,#666666,NA,NA,Big 10,Ohio State,NA,Ohio State Buckeyes,http://content.sportslogos.net/logos/33/791/thumbs/79176452013.gif,https://content.sportslogos.net/logos/33/791/thumbs/ohb8htmbd146mf40u3y2.gif
Oklahoma Sooners,ncaa,#841617,#FDF9D8,NA,NA,Big 12,Oklahoma,Sooners,Oklahoma Sooners,http://content.sportslogos.net/logos/33/793/thumbs/f9hclkzyftlynvgb1wgf.gif,
Oklahoma State,ncaa,#FF7300,#000000,#FF9900,#BEBEBE,Big 12,Oklahoma State,NA,Oklahoma State Cowboys,http://content.sportslogos.net/logos/33/794/thumbs/79478612015.gif,
Old Dominion Monarchs,ncaa,#003057,#92C1E9,NA,NA,C-USA,Old Dominion,Monarchs,Old Dominion Monarchs,http://content.sportslogos.net/logos/33/795/thumbs/uz5zw5f3gfhh8o9wbeco.gif,
Ole Miss,ncaa,#CE1126,#14213D,#FFFFFF,NA,SEC,Ole Miss,Miss,Mississippi Rebels,http://content.sportslogos.net/logos/32/754/thumbs/75419761996.gif,
Omaha,ncaa,#000000,#D71920,#636568,NA,Summit,Omaha,NA,Nebraska-Omaha Mavericks,http://content.sportslogos.net/logos/33/5049/thumbs/504963202011.gif,
Oral Roberts Golden Eagles,ncaa,#002F60,#C5B783,#A28E2A,NA,Summit,Oral Roberts,Golden Eagles,Oral Roberts Golden Eagles,http://content.sportslogos.net/logos/33/796/thumbs/79690362017.gif,
Oregon Ducks,ncaa,#154733,#FEE123,NA,NA,Pac 12,Oregon,Ducks,Oregon Ducks,http://content.sportslogos.net/logos/33/797/thumbs/by8dfvb6j89hs5nrvlb1ibx5e.gif,https://content.sportslogos.net/logos/33/797/thumbs/ehrrx1qjof2owakh79jq.gif
Oregon State Beavers,ncaa,#DC4405,#000000,#FFFFFF,NA,Pac 12,Oregon State,Beavers,Oregon State Beavers,http://content.sportslogos.net/logos/33/798/thumbs/79813572013.gif,https://content.sportslogos.net/logos/33/798/thumbs/79836732006.gif
Pacific,ncaa,#E35205,#231F20,#D86018,#949A90,WCC,Pacific,NA,Pacific Tigers,http://content.sportslogos.net/logos/33/799/thumbs/79969051999.gif,
Penn,ncaa,#990000,#011F5B,NA,NA,Ivy,Penn,NA,Penn Quakers,http://content.sportslogos.net/logos/33/800/thumbs/wt412stspwyymg88xe74zav07.gif,
Penn State,ncaa,#093162,#FFFFFF,NA,NA,Big 10,Penn State,NA,Penn State Nittany Lions,http://content.sportslogos.net/logos/33/801/thumbs/6g3sx3a2zxgt5z2vb10g.gif,https://content.sportslogos.net/logos/33/801/thumbs/1k9prruij590izix314f.gif
Pepperdine Waves,ncaa,#00205C,#EE7624,NA,NA,WCC,Pepperdine,Waves,Pepperdine Waves,http://content.sportslogos.net/logos/33/802/thumbs/80222642010.gif,
Pittsburgh Panthers,ncaa,#1C2957,#CDB87D,NA,NA,ACC,Pittsburgh,Panthers,Pittsburgh Panthers,http://content.sportslogos.net/logos/33/803/thumbs/80318662016.gif,
Portland Pilots,ncaa,#1E1656,#5E6A71,NA,NA,WCC,Portland,Pilots,Portland Pilots,http://content.sportslogos.net/logos/33/804/thumbs/80428142014.gif,
Portland State Vikings,ncaa,#154734,#FFFFFF,#373A36,#2C2A29,Big Sky,Portland State,Vikings,Portland State Vikings,http://content.sportslogos.net/logos/33/805/thumbs/80548492016.gif,
Princeton Tigers,ncaa,#FF671F,#000000,NA,NA,Ivy,Princeton,Tigers,Princeton Tigers,http://content.sportslogos.net/logos/33/807/thumbs/4g0k10eeht09gbiaklzg49ah9.gif,
Providence,ncaa,#000000,#8A8D8F,#FFFFFF,NA,Big East,Providence,NA,Providence Friars,http://content.sportslogos.net/logos/33/808/thumbs/2etorchfbjqbvgsoiied0rqkf.gif,
Purdue Boilermakers,ncaa,#CEB888,#000000,#9D968D,#373A36,Big 10,Purdue,Boilermakers,Purdue Boilermakers,http://content.sportslogos.net/logos/33/809/thumbs/80966442012.gif,
Purdue Fort Wayne Mastodons,ncaa,#002F6C,#000000,#63666A,#97999B,Summit,Purdue Fort Wayne,Mastodons,Purdue Fort Wayne Mastodons,http://content.sportslogos.net/logos/33/6619/thumbs/661929622018.gif,
Rhode Island Rams,ncaa,#68ABE8,#002147,NA,NA,A-10,Rhode,Island Rams,Rhode Island Rams,http://content.sportslogos.net/logos/33/812/thumbs/81261122010.gif,
Rice Owls,ncaa,#00205B,#C1C6C8,NA,NA,C-USA,Rice,Owls,Rice Owls,http://content.sportslogos.net/logos/33/813/thumbs/81337422010.gif,
Richmond Spiders,ncaa,#000066,#990000,NA,NA,A-10,Richmond,Spiders,Richmond Spiders,http://content.sportslogos.net/logos/33/814/thumbs/2588.gif,
Rider Broncs,ncaa,#981E32,#6C6F70,NA,NA,MAAC,Rider,Broncs,Rider Broncs,http://content.sportslogos.net/logos/33/815/thumbs/81562592007.gif,
Rutgers Scarlet Knights,ncaa,#CC0033,#5F6A72,#000000,NA,Big 10,Rutgers,Scarlet Knights,Rutgers Scarlet Knights,http://content.sportslogos.net/logos/33/817/thumbs/j9mxrf2bfzasqkq3by70.gif,
Sacramento State,ncaa,#043927,#C4B581,NA,NA,Big Sky,Sacramento State,NA,Sacramento State Hornets,http://content.sportslogos.net/logos/30/629/thumbs/okyaz26kurakymvf0hh42hijj.gif,
Saint Joseph's Hawks,ncaa,#9E1B32,#6C6F70,NA,NA,A-10,Saint Joseph's,Hawks,St. Joseph's Hawks,http://content.sportslogos.net/logos/34/851/thumbs/2604.gif,
Saint Louis Billikens,ncaa,#003DA5,#C8C9C7,NA,NA,A-10,Saint Louis,Billikens,Saint Louis Billikens,http://content.sportslogos.net/logos/34/822/thumbs/82292312015.gif,
Saint Mary's (CA),ncaa,#D80024,#06315B,NA,NA,WCC,Saint Mary's,(CA),Saint Marys Gaels,http://content.sportslogos.net/logos/34/852/thumbs/mfhe5ysvfgzgt0wxt8hcz89pv.gif,
Saint Peter's Peacocks,ncaa,#003C71,#0072CE,#A59C94,#000000,MAAC,Saint Peter's,Peacocks,Saint Peter's Peacocks,http://content.sportslogos.net/logos/34/853/thumbs/85340372012.gif,
SaintBonaventure,ncaa,#54261A,#FDB726,#BDB6B0,NA,A-10,SaintBonaventure,NA,St. Bonaventure Bonnies,http://content.sportslogos.net/logos/34/848/thumbs/2637.gif,
SaintJohn's (NY),ncaa,#BA0C2F,#041C2C,#A7A8AA,NA,Big East,SaintJohn's,(NY),St. John's Red Storm,http://content.sportslogos.net/logos/34/850/thumbs/rutp2cuzhqn5qyjhw790kibvf.gif,
San Diego State Aztecs,ncaa,#A6192E,#000000,#FFFFFF,NA,MWC,San Diego State,Aztecs,San Diego State Aztecs,http://content.sportslogos.net/logos/34/826/thumbs/82676662013.gif,
San Diego Toreros,ncaa,#002868,#84BCE8,#207BC1,NA,WCC,San Diego,Toreros,San Diego Toreros,http://content.sportslogos.net/logos/34/825/thumbs/smgecw5seeb2a282cs79z64oo.gif,
San Francisco Dons,ncaa,#FDBB30,#00543C,#919194,NA,WCC,San Francisco,Dons,San Francisco Dons,http://content.sportslogos.net/logos/34/827/thumbs/82715532012.gif,
San Jose State Spartans,ncaa,#0055A2,#E5A823,#939597,NA,MWC,San Jose State,Spartans,San Jose State Spartans,http://content.sportslogos.net/logos/34/828/thumbs/2616.gif,
Santa Clara Broncos,ncaa,#862633,#FFFFFF,NA,NA,WCC,Santa Clara,Broncos,Santa Clara Broncos,http://content.sportslogos.net/logos/34/829/thumbs/9bevh7phseg5k885k8ngg09e5.gif,
Seattle U,ncaa,#AA0000,#333333,NA,NA,WAC,Seattle,U,Seattle Redhawks,http://content.sportslogos.net/logos/34/5052/thumbs/505217542008.gif,
Seton Hall Pirates,ncaa,#004488,#A2AAAD,NA,NA,Big East,Seton Hall,Pirates,Seton Hall Pirates,http://content.sportslogos.net/logos/34/831/thumbs/83191832009.gif,
Siena,ncaa,#FFC72C,#C8102E,#006747,#693F23,MAAC,Siena,NA,Siena Saints,http://content.sportslogos.net/logos/34/832/thumbs/3336kgxl1jzfvrzh423fldmyo.gif,
South Alabama Jaguars,ncaa,#00205B,#BF0D3E,NA,NA,Sunbelt,South Alabama,Jaguars,South Alabama Jaguars,http://content.sportslogos.net/logos/34/833/thumbs/f0escusps8d57q2gf0bpy1otm.gif,
South Carolina Gamecocks,ncaa,#73000A,#000000,NA,NA,SEC,South Carolina,Gamecocks,South Carolina Gamecocks,http://content.sportslogos.net/logos/34/834/thumbs/5gje9m4b1shmcd442rkpxkeb8.gif,
South Dakota Coyotes,ncaa,#AD0000,#B4B4B4,#000000,NA,Summit,South Dakota,Coyotes,South Dakota Coyotes,http://content.sportslogos.net/logos/34/5037/thumbs/503737322011.gif,
South Dakota State Jackrabbits,ncaa,#0033A0,#FFD100,NA,NA,Summit,South Dakota State,Jackrabbits,South Dakota State Jackrabbits,http://content.sportslogos.net/logos/34/836/thumbs/rx5rkctzeni2o4nxdsl4ftgw9.gif,
South Florida Bulls,ncaa,#006747,#CFC493,NA,NA,AAC,South Florida,Bulls,South Florida Bulls,http://content.sportslogos.net/logos/34/837/thumbs/l3qg5gf3wu3cdrgvpee4.gif,
Southern California Trojans,ncaa,#FFC72C,#990000,#FFC72C,NA,Pac 12,USC,Trojans,Southern California Trojans,http://content.sportslogos.net/logos/34/840/thumbs/84098311993.gif,https://content.sportslogos.net/logos/34/840/thumbs/84018801972.gif
Southern Illinois,ncaa,#720000,#000000,NA,NA,MVC,Southern Illinois,NA,Southern Illinois Salukis,http://content.sportslogos.net/logos/34/841/thumbs/84134702019.gif,
Southern Mississippi Golden Eagles,ncaa,#000000,#FFAB00,NA,NA,C-USA,Southern Mississippi,Golden Eagles,Southern Miss Golden Eagles,http://content.sportslogos.net/logos/34/843/thumbs/84360242015.gif,
Southern Utah Thunderbirds,ncaa,#000000,#FFFFFF,NA,NA,Big Sky,Southern Utah,Thunderbirds,Southern Utah Thunderbirds,http://content.sportslogos.net/logos/34/844/thumbs/2636.gif,
Stanford Cardinal,ncaa,#8C1515,#FFFFFF,#4D4F53,#2E2D29,Pac 12,Stanford,Cardinal,Stanford Cardinal,http://content.sportslogos.net/logos/34/854/thumbs/85448032014.gif,
Stetson Hatters,ncaa,#006747,#B58150,#9E652E,#000000,A-Sun,Stetson,Hatters,Stetson Hatters,http://content.sportslogos.net/logos/34/857/thumbs/85710302018.gif,
Stony Brook Seawolves,ncaa,#990000,#16243E,#828282,NA,Am. East,Stony Brook,Seawolves,Stony Brook Seawolves,http://content.sportslogos.net/logos/34/858/thumbs/yte6uhknhdffvqnowffl62jy1.gif,
Syracuse Orange,ncaa,#D44500,#3E3D3C,#6F777D,#ADB3B8,ACC,Syracuse,Orange,Syracuse Orange,http://content.sportslogos.net/logos/34/859/thumbs/lhf2fxwjfmysj71nzmqw.gif,
TCU,ncaa,#4D1979,#A3A9AC,#FFFFFF,NA,Big 12,TCU,NA,TCU Horned Frogs,http://content.sportslogos.net/logos/34/868/thumbs/2658.gif,
Temple Owls,ncaa,#9D2235,#FFCD00,#8A8D8F,#C1C6C8,AAC,Temple,Owls,Temple Owls,http://content.sportslogos.net/logos/34/860/thumbs/2648.gif,
Tennessee Volunteers,ncaa,#FF8200,#58595B,#FFFFFF,NA,SEC,Tennessee,Volunteers,Tennessee Volunteers,http://content.sportslogos.net/logos/34/861/thumbs/86166262015.gif,
Texas,ncaa,#BF5700,#333F48,#FFFFFF,NA,Big 12,Texas,NA,Texas Longhorns,http://content.sportslogos.net/logos/34/865/thumbs/5o2wuto6hq2592hhy9e4prm6e.gif,https://content.sportslogos.net/logos/34/865/thumbs/86564770.gif
Texas A&M Aggies,ncaa,#500000,#FFFFFF,NA,NA,SEC,Texas A&M,Aggies,Texas A&M Aggies,http://content.sportslogos.net/logos/34/866/thumbs/86674172007.gif,
Texas State Bobcats,ncaa,#501214,#8D734A,NA,NA,Sunbelt,Texas State,Bobcats,Texas State Bobcats,http://content.sportslogos.net/logos/34/847/thumbs/hfiohfg4thrpxlb9r8o2qkuee.gif,
Texas Tech Red Raiders,ncaa,#CC0000,#000000,#FFFFFF,NA,Big 12,Texas Tech,Red Raiders,Texas Tech Red Raiders,http://content.sportslogos.net/logos/34/870/thumbs/4661.gif,
Toledo Rockets,ncaa,#15397F,#005CB9,#FFDA00,#BEC6C3,MAC,Toledo,Rockets,Toledo Rockets,http://content.sportslogos.net/logos/34/874/thumbs/87490502017.gif,
Tulane Green Wave,ncaa,#006747,#43B02A,#418FDE,#000000,AAC,Tulane,Green Wave,Tulane Green Wave,http://content.sportslogos.net/logos/34/877/thumbs/87736922014.gif,
Tulsa Golden Hurricane,ncaa,#002D72,#C8102E,#C5B783,#F3D54E,AAC,Tulsa,Golden Hurricane,Tulsa Golden Hurricane,http://content.sportslogos.net/logos/34/878/thumbs/2669.gif,
UAB,ncaa,#006341,#CC8A00,#000000,#BF0D3E,C-USA,UAB,NA,UAB Blazers,http://content.sportslogos.net/logos/35/879/thumbs/87915182015.gif,
UC Davis,ncaa,#002855,#B3A369,NA,NA,Big West,UC,Davis,California Davis Aggies,http://content.sportslogos.net/logos/30/1831/thumbs/183182572001.gif,
UC Irvine,ncaa,#0C2340,#FFC72C,NA,NA,Big West,UC,Irvine,California-Irvine Anteaters,http://content.sportslogos.net/logos/30/880/thumbs/88023612014.gif,
UC Riverside,ncaa,#2D6CC0,#003066,#F1AB00,#7A6E67,Big West,UC,Riverside,California Riverside Highlanders,http://content.sportslogos.net/logos/30/881/thumbs/88153882012.gif,
UCLA,ncaa,#2D68C4,#F2A900,#3284BF,#FFE800,Pac 12,UCLA,NA,UCLA Bruins,http://content.sportslogos.net/logos/35/882/thumbs/f14dh4p8ot36v1exxoazhf03a.gif,
UIC,ncaa,#AC1E2D,#041E42,#FACC09,NA,Horizon,UIC,NA,Illinois-Chicago Flames,http://content.sportslogos.net/logos/32/708/thumbs/70899032008.gif,
UMass Lowell,ncaa,#003DA5,#C8102E,NA,NA,Am. East,UMass Lowell,NA,UMass Lowell River Hawks,http://content.sportslogos.net/logos/35/5023/thumbs/502396112010.gif,
UMBC,ncaa,#B18906,#FFC20E,#000000,#ED1C24,Am. East,UMBC,NA,UMBC Retrievers,http://content.sportslogos.net/logos/35/885/thumbs/88553842010.gif,
UMKC,ncaa,#005293,#FECB00,#000000,#DCDDDE,WAC,UMKC,NA,UMKC Kangaroos,http://content.sportslogos.net/logos/35/886/thumbs/88685772008.gif,
UNI,ncaa,#4B116F,#FFCC00,NA,NA,MVC,UNI,NA,Northern Iowa Panthers,http://content.sportslogos.net/logos/33/786/thumbs/78667682015.gif,
UNLV,ncaa,#B10202,#666666,#000000,NA,MWC,UNLV,NA,UNLV Rebels,http://content.sportslogos.net/logos/35/888/thumbs/1g4meeffhnmghxfdv57f.gif,
USC Upstate,ncaa,#00703C,#000000,NA,NA,Big South,USC Upstate,NA,USC Upstate Spartans,http://content.sportslogos.net/logos/35/4948/thumbs/494849312011.gif,
UT Arlington,ncaa,#F58025,#0064B1,NA,NA,Sunbelt,UT,Arlington,Texas-Arlington Mavericks,http://content.sportslogos.net/logos/34/871/thumbs/87190202007.gif,
Utah State Aggies,ncaa,#0F2439,#FFFFFF,#9D968D,#000000,MWC,Utah State,Aggies,Utah State Aggies,http://content.sportslogos.net/logos/35/893/thumbs/fexosti2ekonhhvpjlq0gvyhn.gif,
Utah Utes,ncaa,#CC0000,#808080,#000000,NA,Pac 12,Utah,Utes,Utah Utes,http://content.sportslogos.net/logos/35/892/thumbs/f59mntuxy6z31v0gapgueoyg2.gif,
Utah Valley Wolverines,ncaa,#275D38,#000000,#8E8C89,NA,WAC,Utah Valley,Wolverines,Utah Valley Wolverines,http://content.sportslogos.net/logos/35/2606/thumbs/260642032013.gif,
UTEP,ncaa,#FF8200,#041E42,#B1B3B3,NA,C-USA,UTEP,NA,UTEP Miners,http://content.sportslogos.net/logos/35/889/thumbs/2711.gif,
UTRGV,ncaa,#FFA300,#F05023,#00843D,#0C2340,WAC,UTRGV,NA,UTRGV Vaqueros,http://content.sportslogos.net/logos/35/5639/thumbs/563963612015.gif,
UTSA,ncaa,#F15A22,#0C2340,NA,NA,C-USA,UTSA,NA,Texas-SA Roadrunners,http://content.sportslogos.net/logos/34/890/thumbs/8w7wa2e7efz3h7g9m98ja3idd.gif,
Valparaiso Crusaders,ncaa,#381E0E,#613318,#FFCC00,NA,MVC,Valparaiso,Crusaders,Valparaiso Crusaders,http://content.sportslogos.net/logos/35/894/thumbs/89418392011.gif,
Vanderbilt Commodores,ncaa,#000000,#866D4B,NA,NA,SEC,Vanderbilt,Commodores,Vanderbilt Commodores,http://content.sportslogos.net/logos/35/895/thumbs/oz59klw60uzer5pralxhznrl1.gif,
VCU,ncaa,#FFB300,#000000,NA,NA,A-10,VCU,NA,Virginia Commonwealth Rams,http://content.sportslogos.net/logos/35/899/thumbs/89973792014.gif,
Vermont Catamounts,ncaa,#154734,#8B5B29,#FFC72C,#C6AA76,Am. East,Vermont,Catamounts,Vermont Catamounts,http://content.sportslogos.net/logos/35/896/thumbs/ee4ske40eafxpaaeiexfegdf1.gif,
Villanova Wildcats,ncaa,#00205B,#13B5EA,#8B634B,NA,Big East,Villanova,Wildcats,Villanova Wildcats,http://content.sportslogos.net/logos/35/897/thumbs/a28cvg370vfg03yepefh.gif,
Virginia Cavaliers,ncaa,#232D4B,#F84C1E,#FFFFFF,NA,ACC,Virginia,Cavaliers,Virginia Cavaliers,http://content.sportslogos.net/logos/35/898/thumbs/7135.gif,
Virginia Tech Hokies,ncaa,#630031,#CF4420,NA,NA,ACC,Virginia Tech,Hokies,Virginia Tech Hokies,http://content.sportslogos.net/logos/35/901/thumbs/gabem67h4rb7golayyr7qsole.gif,
Wake Forest Demon Deacons,ncaa,#A67F31,#000000,NA,NA,ACC,Wake Forest,Demon Deacons,Wake Forest Demon Deacons,http://content.sportslogos.net/logos/35/903/thumbs/90361392007.gif,https://content.sportslogos.net/logos/35/903/thumbs/57d0636amp37lzzflha29tyha.gif
Washington Huskies,ncaa,#4B2E83,#B7A57A,#85754D,NA,Pac 12,Washington,Huskies,Washington Huskies,http://content.sportslogos.net/logos/35/904/thumbs/yookgal4j29r36rx6fz3jug2p.gif,
Washington State Cougars,ncaa,#981E32,#5E6A71,NA,NA,Pac 12,Washington State,Cougars,Washington State Cougars,http://content.sportslogos.net/logos/35/905/thumbs/2724.gif,
Weber State Wildcats,ncaa,#A1A1A4,#130C0E,NA,NA,Big Sky,Weber State,Wildcats,Weber State Wildcats,http://content.sportslogos.net/logos/35/906/thumbs/zeuci9b1audg30shh2h2hjsqx.gif,
West Virginia Mountaineers,ncaa,#002855,#EAAA00,NA,NA,Big 12,West Virginia,Mountaineers,West Virginia Mountaineers,http://content.sportslogos.net/logos/35/907/thumbs/90726501980.gif,https://content.sportslogos.net/logos/35/907/thumbs/90772412002.gif
Western Illinois Leathernecks,ncaa,#663399,#FFCC00,NA,NA,Summit,Western Illinois,Leathernecks,Western Illinois Leathernecks,http://content.sportslogos.net/logos/35/908/thumbs/90857672007.gif,
Western Kentucky Hilltoppers,ncaa,#C60C30,#1E1E1E,#A2A4A3,NA,C-USA,Western Kentucky,Hilltoppers,Western Kentucky Hilltoppers,http://content.sportslogos.net/logos/35/909/thumbs/45vahaduw2h85i3nqehdgn7xq.gif,
Western Michigan Broncos,ncaa,#6C4023,#B5A167,#AAA8AA,#000000,MAC,Western Michigan,Broncos,Western Michigan Broncos,http://content.sportslogos.net/logos/35/910/thumbs/91055312016.gif,
Wichita State Shockers,ncaa,#FFCD00,#000000,NA,NA,AAC,Wichita State,Shockers,Wichita State Shockers,http://content.sportslogos.net/logos/35/911/thumbs/91127002010.gif,
Wisconsin,ncaa,#C5050C,#FFFFFF,#9B0000,NA,Big 10,Wisconsin,NA,Wisconsin Badgers,http://content.sportslogos.net/logos/35/914/thumbs/ydl01hfj8hw4p1mbg1zd.gif,
Wright State Raiders,ncaa,#026937,#CEA052,#FFE1A5,#DE6328,Horizon,Wright State,Raiders,Wright State Raiders,http://content.sportslogos.net/logos/35/917/thumbs/gx97sijmyh5sbe3npiigpf3ne.gif,
Wyoming Cowboys,ncaa,#FFC425,#492F24,NA,NA,MWC,Wyoming,Cowboys,Wyoming Cowboys,http://content.sportslogos.net/logos/35/918/thumbs/hub2luegxli9ec81hx65b50hg.gif,
Xavier Musketeers,ncaa,#0C2340,#9EA2A2,#0099CC,NA,Big East,Xavier,Musketeers,Xavier Musketeers,http://content.sportslogos.net/logos/35/919/thumbs/xgodx5ewp41q2fp38jsy.gif,
Yale Bulldogs,ncaa,#00356B,#FFFFFF,NA,NA,Ivy,Yale,Bulldogs,Yale Bulldogs,http://content.sportslogos.net/logos/35/920/thumbs/92040811998.gif,
Youngstown State Penguins,ncaa,#C8102E,#F3D54E,NA,NA,Horizon,Youngstown State,Penguins,Youngstown State Penguins,http://content.sportslogos.net/logos/35/921/thumbs/92174472006.gif,
Army,ncaa,#D4BF91,black,NA,NA,NA,Army,NA,NA,https://content.sportslogos.net/logos/30/609/thumbs/60961542015.gif,
Howard,ncaa,#003A63,#E51937,NA,NA,NA,Howard,NA,NA,https://content.sportslogos.net/logos/31/701/thumbs/70140892015.gif,
Connecticut,ncaa,#000E2F,#FFFFFF,NA,NA,NA,UConn,NA,NA,https://content.sportslogos.net/logos/35/884/thumbs/88464902013.gif,
Troy,ncaa,#8A2432,#B3B5B8,NA,NA,NA,Troy,NA,NA,https://content.sportslogos.net/logos/34/876/thumbs/87610792016.gif,
Southern Methodist University,ncaa,#0033A0,#C8102E,NA,NA,NA,SMU,NA,NA,https://content.sportslogos.net/logos/34/842/thumbs/84293122012.gif,
Univeristy of Louisiana Monroe,ncaa,#840029,#FDB913,NA,NA,NA,UL Monroe,NA,NA,https://content.sportslogos.net/logos/32/733/thumbs/73317772017.gif,
Univeristy of Southern Mississippi,ncaa,black,#FFAB00,NA,NA,NA,Southern Miss,NA,NA,https://content.sportslogos.net/logos/34/843/thumbs/84312622015.gif,
Univeristy of Central Florida,ncaa,#BA9B37,black,NA,NA,NA,UCF,NA,NA,https://content.sportslogos.net/logos/30/635/thumbs/63548652017.gif,
College of William & Mary,ncaa,#115740,#F0B323,NA,NA,NA,William & Mary,NA,NA,https://content.sportslogos.net/logos/35/912/thumbs/91255812022.gif,
University of Hawaii,ncaa,#024731,#C8C8C8,NA,NA,NA,Hawai'i,NA,NA,https://content.sportslogos.net/logos/31/696/thumbs/2494.gif,https://content.sportslogos.net/logos/31/696/thumbs/xxge4hqatueommearg7x.gif
James Madison University,ncaa,#450084,#CBB677,NA,NA,NA,James Madison,NA,NA,https://content.sportslogos.net/logos/32/717/thumbs/71751492017.gif,https://content.sportslogos.net/logos/32/717/thumbs/71767131986.gif